,nom_model,path_model
0,model_2D_pass_2__2022-04-22T21-23-42__.h5,/content/drive/MyDrive/MODELS/models_HDF5/model_2D_pass_2__2022-04-22T21-23-42__.h5
1,model_2D_equil_pass_1__2022-04-23T00-29-53__.h5,/content/drive/MyDrive/MODELS/models_HDF5/model_2D_equil_pass_1__2022-04-23T00-29-53__.h5
2,reboucle_equil__2022-04-23T01-58-38__.h5,/content/drive/MyDrive/MODELS/models_HDF5/reboucle_equil__2022-04-23T01-58-38__.h5
3,Copie de reboucle_equil__2022-04-23T01-58-38__.h5,/content/drive/MyDrive/MODELS/models_HDF5/Copie de reboucle_equil__2022-04-23T01-58-38__.h5
4,model_2D_pass_2__2022-04-23T10-31-19__.h5,/content/drive/MyDrive/MODELS/models_HDF5/model_2D_pass_2__2022-04-23T10-31-19__.h5
5,the_model_2D_debug__2022-04-25T21-12-33__.h5,/content/drive/MyDrive/MODELS/models_HDF5/the_model_2D_debug__2022-04-25T21-12-33__.h5
6,6-2__2022-04-26T21-28-27__.h5,/content/drive/MyDrive/MODELS/models_HDF5/6-2__2022-04-26T21-28-27__.h5
7,6-3__2022-04-27T23-10-40__.h5,/content/drive/MyDrive/MODELS/models_HDF5/6-3__2022-04-27T23-10-40__.h5
8,dice_6_5_1a_RAM_model_2D__2022-05-06T21-32-14__.h5,/content/drive/MyDrive/MODELS/models_HDF5/dice_6_5_1a_RAM_model_2D__2022-05-06T21-32-14__.h5
9,_dice_6_5_1a_RAM_model_2D__2022-05-07T06-56-42__.h5,/content/drive/MyDrive/MODELS/models_HDF5/_dice_6_5_1a_RAM_model_2D__2022-05-07T06-56-42__.h5
10,pass_2_model_test1_dice__2022-05-24T12-15-18__.h5_ep_01_loss_0.011190.h5,/content/drive/MyDrive/MODELS/models_HDF5/pass_2_model_test1_dice__2022-05-24T12-15-18__.h5_ep_01_loss_0.011190.h5
11,pass_2_model_test1_dice__2022-05-24T12-15-18__.h5_ep_01_loss_0.011085.h5,/content/drive/MyDrive/MODELS/models_HDF5/pass_2_model_test1_dice__2022-05-24T12-15-18__.h5_ep_01_loss_0.011085.h5
12,pass_2_model_test1_dice__2022-05-24T12-15-18__.h5_ep_01_loss_0.010646.h5,/content/drive/MyDrive/MODELS/models_HDF5/pass_2_model_test1_dice__2022-05-24T12-15-18__.h5_ep_01_loss_0.010646.h5
13,pass_2_model_test1_dice__2022-05-24T12-15-18__.h5_ep_01_loss_0.010396.h5,/content/drive/MyDrive/MODELS/models_HDF5/pass_2_model_test1_dice__2022-05-24T12-15-18__.h5_ep_01_loss_0.010396.h5
14,pass_2_model_test1_dice__2022-05-24T12-15-18__.h5_ep_02_loss_0.008964.h5,/content/drive/MyDrive/MODELS/models_HDF5/pass_2_model_test1_dice__2022-05-24T12-15-18__.h5_ep_02_loss_0.008964.h5
15,pass_2_model_test1_dice__2022-05-24T12-15-18__.h5_ep_02_loss_0.008377.h5,/content/drive/MyDrive/MODELS/models_HDF5/pass_2_model_test1_dice__2022-05-24T12-15-18__.h5_ep_02_loss_0.008377.h5
16,pass_2_model_test1_dice__2022-05-24T12-15-18__.h5_ep_02_loss_0.008232.h5,/content/drive/MyDrive/MODELS/models_HDF5/pass_2_model_test1_dice__2022-05-24T12-15-18__.h5_ep_02_loss_0.008232.h5
17,pass_2_model_test1_dice__2022-05-24T12-15-18__.h5_ep_02_loss_0.007994.h5,/content/drive/MyDrive/MODELS/models_HDF5/pass_2_model_test1_dice__2022-05-24T12-15-18__.h5_ep_02_loss_0.007994.h5
18,pass_2_model_test1_dice__2022-05-24T12-15-18__.h5_ep_03_loss_0.005093.h5,/content/drive/MyDrive/MODELS/models_HDF5/pass_2_model_test1_dice__2022-05-24T12-15-18__.h5_ep_03_loss_0.005093.h5
19,model_2D__2022-04-19T17-52-10__.h5,/content/drive/MyDrive/MODELS/models_HDF5/archives_models/model_2D__2022-04-19T17-52-10__.h5
20,model_2D__2022-04-20T04-52-18__.h5,/content/drive/MyDrive/MODELS/models_HDF5/archives_models/model_2D__2022-04-20T04-52-18__.h5
21,model_2D__2022-04-20T06-31-45__.h5,/content/drive/MyDrive/MODELS/models_HDF5/archives_models/model_2D__2022-04-20T06-31-45__.h5
22,model_2D__2022-04-20T09-00-09__.h5,/content/drive/MyDrive/MODELS/models_HDF5/archives_models/model_2D__2022-04-20T09-00-09__.h5
23,model_2D__2022-04-20T12-22-43__.h5,/content/drive/MyDrive/MODELS/models_HDF5/archives_models/model_2D__2022-04-20T12-22-43__.h5
24,model_2D__2022-04-20T17-57-23__.h5,/content/drive/MyDrive/MODELS/models_HDF5/archives_models/model_2D__2022-04-20T17-57-23__.h5
25,model_2D__2022-04-20T20-45-19__.h5,/content/drive/MyDrive/MODELS/models_HDF5/archives_models/model_2D__2022-04-20T20-45-19__.h5
26,model_2D__2022-04-20T21-23-32__.h5,/content/drive/MyDrive/MODELS/models_HDF5/archives_models/model_2D__2022-04-20T21-23-32__.h5
27,model_2D__2022-04-21T04-58-09__.h5,/content/drive/MyDrive/MODELS/models_HDF5/archives_models/model_2D__2022-04-21T04-58-09__.h5
28,model_2D__2022-04-21T17-06-23__.h5,/content/drive/MyDrive/MODELS/models_HDF5/archives_models/model_2D__2022-04-21T17-06-23__.h5
29,model_2D__2022-04-21T23-41-00__.h5,/content/drive/MyDrive/MODELS/models_HDF5/archives_models/model_2D__2022-04-21T23-41-00__.h5
30,6_3_2b_RAM_model_2D__2022-04-30T11-54-48__.h5,/content/drive/MyDrive/MODELS/models_HDF5/MODELS_selectionnes/6_3_2b_RAM_model_2D__2022-04-30T11-54-48__.h5
31,OK_6_3_2b_RAM_model_2D__2022-05-01T06-23-36__.h5,/content/drive/MyDrive/MODELS/models_HDF5/MODELS_selectionnes/OK_6_3_2b_RAM_model_2D__2022-05-01T06-23-36__.h5
32,test1_dice_6_5_1a_RAM_model_2D__2022-05-04T22-26-24__.h5,/content/drive/MyDrive/MODELS/models_HDF5/MODELS_selectionnes/test1_dice_6_5_1a_RAM_model_2D__2022-05-04T22-26-24__.h5
33,ok_dice_6_6_5e_RAM_model_2D_6epochs_2022-05-08T08-51-33__.h5,/content/drive/MyDrive/MODELS/models_HDF5/MODELS_selectionnes/ok_dice_6_6_5e_RAM_model_2D_6epochs_2022-05-08T08-51-33__.h5
34,6.6.7.h_juste_Miou_Cfred_2.5__model_2D___2022-05-11T22-55-08__.h5,/content/drive/MyDrive/MODELS/models_HDF5/MODELS_selectionnes/6.6.7.h_juste_Miou_Cfred_2.5__model_2D___2022-05-11T22-55-08__.h5
35,6_dice_recall_precision_2022-05-10T23-23-46__.h5,/content/drive/MyDrive/MODELS/models_HDF5/MODELS_selectionnes/6_dice_recall_precision_2022-05-10T23-23-46__.h5
36,6.6.8i_KLD_Miou_Cfred_2.5__model_2D___2022-05-12T22-41-54__.h5_ep_01_loss_0.288509.h5,/content/drive/MyDrive/MODELS/models_HDF5/MODELS_selectionnes/6.6.8i_KLD_Miou_Cfred_2.5/6.6.8i_KLD_Miou_Cfred_2.5__model_2D___2022-05-12T22-41-54__.h5_ep_01_loss_0.288509.h5
37,6.6.8i_KLD_Miou_Cfred_2.5__model_2D___2022-05-12T22-41-54__.h5_ep_01_loss_0.277024.h5,/content/drive/MyDrive/MODELS/models_HDF5/MODELS_selectionnes/6.6.8i_KLD_Miou_Cfred_2.5/6.6.8i_KLD_Miou_Cfred_2.5__model_2D___2022-05-12T22-41-54__.h5_ep_01_loss_0.277024.h5
38,6.6.8i_KLD_Miou_Cfred_2.5__model_2D___2022-05-12T22-41-54__.h5_ep_01_loss_0.271440.h5,/content/drive/MyDrive/MODELS/models_HDF5/MODELS_selectionnes/6.6.8i_KLD_Miou_Cfred_2.5/6.6.8i_KLD_Miou_Cfred_2.5__model_2D___2022-05-12T22-41-54__.h5_ep_01_loss_0.271440.h5
39,6.6.8i_KLD_Miou_Cfred_2.5__model_2D___2022-05-12T22-41-54__.h5_ep_01_loss_0.267738.h5,/content/drive/MyDrive/MODELS/models_HDF5/MODELS_selectionnes/6.6.8i_KLD_Miou_Cfred_2.5/6.6.8i_KLD_Miou_Cfred_2.5__model_2D___2022-05-12T22-41-54__.h5_ep_01_loss_0.267738.h5
40,6.6.8i_KLD_Miou_Cfred_2.5__model_2D___2022-05-12T22-41-54__.h5_ep_02_loss_0.265271.h5,/content/drive/MyDrive/MODELS/models_HDF5/MODELS_selectionnes/6.6.8i_KLD_Miou_Cfred_2.5/6.6.8i_KLD_Miou_Cfred_2.5__model_2D___2022-05-12T22-41-54__.h5_ep_02_loss_0.265271.h5
41,6.6.8i_KLD_Miou_Cfred_2.5__model_2D___2022-05-12T22-41-54__.h5_ep_02_loss_0.263058.h5,/content/drive/MyDrive/MODELS/models_HDF5/MODELS_selectionnes/6.6.8i_KLD_Miou_Cfred_2.5/6.6.8i_KLD_Miou_Cfred_2.5__model_2D___2022-05-12T22-41-54__.h5_ep_02_loss_0.263058.h5
42,6.6.8i_KLD_Miou_Cfred_2.5__model_2D___2022-05-12T22-41-54__.h5_ep_02_loss_0.258491.h5,/content/drive/MyDrive/MODELS/models_HDF5/MODELS_selectionnes/6.6.8i_KLD_Miou_Cfred_2.5/6.6.8i_KLD_Miou_Cfred_2.5__model_2D___2022-05-12T22-41-54__.h5_ep_02_loss_0.258491.h5
43,6.6.8i_KLD_Miou_Cfred_2.5__model_2D___2022-05-12T22-41-54__.h5_ep_03_loss_0.255507.h5,/content/drive/MyDrive/MODELS/models_HDF5/MODELS_selectionnes/6.6.8i_KLD_Miou_Cfred_2.5/6.6.8i_KLD_Miou_Cfred_2.5__model_2D___2022-05-12T22-41-54__.h5_ep_03_loss_0.255507.h5
44,6.6.8i_KLD_Miou_Cfred_2.5__model_2D___2022-05-12T22-41-54__.h5_ep_03_loss_0.255280.h5,/content/drive/MyDrive/MODELS/models_HDF5/MODELS_selectionnes/6.6.8i_KLD_Miou_Cfred_2.5/6.6.8i_KLD_Miou_Cfred_2.5__model_2D___2022-05-12T22-41-54__.h5_ep_03_loss_0.255280.h5
45,6.6.8i_KLD_Miou_Cfred_2.5__model_2D___2022-05-12T22-41-54__.h5_ep_03_loss_0.254337.h5,/content/drive/MyDrive/MODELS/models_HDF5/MODELS_selectionnes/6.6.8i_KLD_Miou_Cfred_2.5/6.6.8i_KLD_Miou_Cfred_2.5__model_2D___2022-05-12T22-41-54__.h5_ep_03_loss_0.254337.h5
46,pass_2_model_OK_1__2D___2022-05-22T18-49-47__.h5_ep_01_loss_0.008253.h5,/content/drive/MyDrive/MODELS/models_HDF5/MODELS_selectionnes/DV_OK_1_pass2/pass_2_model_OK_1__2D___2022-05-22T18-49-47__.h5_ep_01_loss_0.008253.h5
47,pass_2_model_OK_1__2D___2022-05-22T18-49-47__.h5_ep_01_loss_0.007916.h5,/content/drive/MyDrive/MODELS/models_HDF5/MODELS_selectionnes/DV_OK_1_pass2/pass_2_model_OK_1__2D___2022-05-22T18-49-47__.h5_ep_01_loss_0.007916.h5
48,pass_2_model_OK_1__2D___2022-05-22T18-49-47__.h5_ep_01_loss_0.007898.h5,/content/drive/MyDrive/MODELS/models_HDF5/MODELS_selectionnes/DV_OK_1_pass2/pass_2_model_OK_1__2D___2022-05-22T18-49-47__.h5_ep_01_loss_0.007898.h5
49,pass_2_model_OK_1__2D___2022-05-22T18-49-47__.h5_ep_02_loss_0.006976.h5,/content/drive/MyDrive/MODELS/models_HDF5/MODELS_selectionnes/DV_OK_1_pass2/pass_2_model_OK_1__2D___2022-05-22T18-49-47__.h5_ep_02_loss_0.006976.h5
50,pass_2_model_OK_1__2D___2022-05-22T18-49-47__.h5_ep_02_loss_0.006683.h5,/content/drive/MyDrive/MODELS/models_HDF5/MODELS_selectionnes/DV_OK_1_pass2/pass_2_model_OK_1__2D___2022-05-22T18-49-47__.h5_ep_02_loss_0.006683.h5
51,pass_2_model_OK_1__2D___2022-05-22T18-49-47__.h5_ep_02_loss_0.006469.h5,/content/drive/MyDrive/MODELS/models_HDF5/MODELS_selectionnes/DV_OK_1_pass2/pass_2_model_OK_1__2D___2022-05-22T18-49-47__.h5_ep_02_loss_0.006469.h5
52,pass_2_model_OK_1__2D___2022-05-22T18-49-47__.h5_ep_03_loss_0.005535.h5,/content/drive/MyDrive/MODELS/models_HDF5/MODELS_selectionnes/DV_OK_1_pass2/pass_2_model_OK_1__2D___2022-05-22T18-49-47__.h5_ep_03_loss_0.005535.h5
53,pass_2_model_OK_1__2D___2022-05-22T18-49-47__.h5_ep_04_loss_0.005519.h5,/content/drive/MyDrive/MODELS/models_HDF5/MODELS_selectionnes/DV_OK_1_pass2/pass_2_model_OK_1__2D___2022-05-22T18-49-47__.h5_ep_04_loss_0.005519.h5
54,Pass_2_model_OK_1__2D___2022-05-22T18-49-47__.h5_ep_05_loss_0.004946.h5,/content/drive/MyDrive/MODELS/models_HDF5/MODELS_selectionnes/DV_OK_1_pass2/Pass_2_model_OK_1__2D___2022-05-22T18-49-47__.h5_ep_05_loss_0.004946.h5
55,pass_3_model_OK_1__2D___2022-05-23T15-16-38__.h5_ep_01_loss_0.005502.h5,/content/drive/MyDrive/MODELS/models_HDF5/MODELS_selectionnes/DV_OK_1_pass2/DV_OK1_pass3/pass_3_model_OK_1__2D___2022-05-23T15-16-38__.h5_ep_01_loss_0.005502.h5
56,pass_3_model_OK_1__2D___2022-05-23T15-16-38__.h5_ep_01_loss_0.005281.h5,/content/drive/MyDrive/MODELS/models_HDF5/MODELS_selectionnes/DV_OK_1_pass2/DV_OK1_pass3/pass_3_model_OK_1__2D___2022-05-23T15-16-38__.h5_ep_01_loss_0.005281.h5
57,pass_3_model_OK_1__2D___2022-05-23T15-16-38__.h5_ep_01_loss_0.005210.h5,/content/drive/MyDrive/MODELS/models_HDF5/MODELS_selectionnes/DV_OK_1_pass2/DV_OK1_pass3/pass_3_model_OK_1__2D___2022-05-23T15-16-38__.h5_ep_01_loss_0.005210.h5
58,pass_3_model_OK_1__2D___2022-05-23T15-16-38__.h5_ep_04_loss_0.004812.h5,/content/drive/MyDrive/MODELS/models_HDF5/MODELS_selectionnes/DV_OK_1_pass2/DV_OK1_pass3/pass_3_model_OK_1__2D___2022-05-23T15-16-38__.h5_ep_04_loss_0.004812.h5
59,pass_3_model_OK_1__2D___2022-05-23T15-16-38__.h5_ep_04_loss_0.004267.h5,/content/drive/MyDrive/MODELS/models_HDF5/MODELS_selectionnes/DV_OK_1_pass2/DV_OK1_pass3/pass_3_model_OK_1__2D___2022-05-23T15-16-38__.h5_ep_04_loss_0.004267.h5
60,pass_3_model_OK_1__2D___2022-05-23T15-16-38__.h5_ep_04_loss_0.004150.h5,/content/drive/MyDrive/MODELS/models_HDF5/MODELS_selectionnes/DV_OK_1_pass2/DV_OK1_pass3/pass_3_model_OK_1__2D___2022-05-23T15-16-38__.h5_ep_04_loss_0.004150.h5
61,pass_3_model_OK_1__2D___2022-05-23T15-16-38__.h5_ep_04_loss_0.004113.h5,/content/drive/MyDrive/MODELS/models_HDF5/MODELS_selectionnes/DV_OK_1_pass2/DV_OK1_pass3/pass_3_model_OK_1__2D___2022-05-23T15-16-38__.h5_ep_04_loss_0.004113.h5
62,pass_3_model_OK_1__2D___2022-05-23T15-16-38__.h5_ep_05_loss_0.003994.h5,/content/drive/MyDrive/MODELS/models_HDF5/MODELS_selectionnes/DV_OK_1_pass2/DV_OK1_pass3/pass_3_model_OK_1__2D___2022-05-23T15-16-38__.h5_ep_05_loss_0.003994.h5
63,pass_3_model_OK_1__2D___2022-05-23T15-16-38__.h5_ep_05_loss_0.003884.h5,/content/drive/MyDrive/MODELS/models_HDF5/MODELS_selectionnes/DV_OK_1_pass2/DV_OK1_pass3/pass_3_model_OK_1__2D___2022-05-23T15-16-38__.h5_ep_05_loss_0.003884.h5
64,pass_3_model_OK_1__2D___2022-05-23T15-16-38__.h5_ep_05_loss_0.003834.h5,/content/drive/MyDrive/MODELS/models_HDF5/MODELS_selectionnes/DV_OK_1_pass2/DV_OK1_pass3/pass_3_model_OK_1__2D___2022-05-23T15-16-38__.h5_ep_05_loss_0.003834.h5
65,pass_3_model_OK_1__2D___2022-05-23T15-16-38__.h5_ep_06_loss_0.003792.h5,/content/drive/MyDrive/MODELS/models_HDF5/MODELS_selectionnes/DV_OK_1_pass2/DV_OK1_pass3/pass_3_model_OK_1__2D___2022-05-23T15-16-38__.h5_ep_06_loss_0.003792.h5
66,Pass_3_model_OK_1__2D___2022-05-23T15-16-38__.h5_ep_06_loss_0.003551.h5,/content/drive/MyDrive/MODELS/models_HDF5/MODELS_selectionnes/DV_OK_1_pass2/DV_OK1_pass3/Pass_3_model_OK_1__2D___2022-05-23T15-16-38__.h5_ep_06_loss_0.003551.h5
67,model_OK_1_Pass4__2022-05-25T07-04-37__.h5_ep_01_loss_0.003756.h5,/content/drive/MyDrive/MODELS/models_HDF5/model_OK_1_Pass4/model_OK_1_Pass4__2022-05-25T07-04-37__.h5_ep_01_loss_0.003756.h5
68,model_OK_1_Pass4__2022-05-25T07-04-37__.h5_ep_01_loss_0.003631.h5,/content/drive/MyDrive/MODELS/models_HDF5/model_OK_1_Pass4/model_OK_1_Pass4__2022-05-25T07-04-37__.h5_ep_01_loss_0.003631.h5
69,model_OK_1_Pass4__2022-05-25T07-04-37__.h5_ep_02_loss_0.003495.h5,/content/drive/MyDrive/MODELS/models_HDF5/model_OK_1_Pass4/model_OK_1_Pass4__2022-05-25T07-04-37__.h5_ep_02_loss_0.003495.h5
70,model_OK_1_Pass4__2022-05-25T07-04-37__.h5_ep_02_loss_0.003447.h5,/content/drive/MyDrive/MODELS/models_HDF5/model_OK_1_Pass4/model_OK_1_Pass4__2022-05-25T07-04-37__.h5_ep_02_loss_0.003447.h5
71,model_OK_1_Pass4__2022-05-25T10-15-57__.h5_ep_01_loss_0.003710.h5,/content/drive/MyDrive/MODELS/models_HDF5/model_OK_1_Pass4/model_OK_1_Pass4__2022-05-25T10-15-57__.h5_ep_01_loss_0.003710.h5
72,model_OK_1_Pass4__2022-05-25T10-15-57__.h5_ep_01_loss_0.003691.h5,/content/drive/MyDrive/MODELS/models_HDF5/model_OK_1_Pass4/model_OK_1_Pass4__2022-05-25T10-15-57__.h5_ep_01_loss_0.003691.h5
73,model_OK_1_Pass4__2022-05-25T10-15-57__.h5_ep_01_loss_0.003647.h5,/content/drive/MyDrive/MODELS/models_HDF5/model_OK_1_Pass4/model_OK_1_Pass4__2022-05-25T10-15-57__.h5_ep_01_loss_0.003647.h5
74,model_OK_1_Pass4__2022-05-25T10-15-57__.h5_ep_01_loss_0.003610.h5,/content/drive/MyDrive/MODELS/models_HDF5/model_OK_1_Pass4/model_OK_1_Pass4__2022-05-25T10-15-57__.h5_ep_01_loss_0.003610.h5
75,model_OK_1_Pass4__2022-05-25T10-15-57__.h5_ep_02_loss_0.003328.h5,/content/drive/MyDrive/MODELS/models_HDF5/model_OK_1_Pass4/model_OK_1_Pass4__2022-05-25T10-15-57__.h5_ep_02_loss_0.003328.h5
76,model_OK_1_Pass4__2022-05-25T10-15-57__.h5_ep_03_loss_0.003098.h5,/content/drive/MyDrive/MODELS/models_HDF5/model_OK_1_Pass4/model_OK_1_Pass4__2022-05-25T10-15-57__.h5_ep_03_loss_0.003098.h5
